Job Title,Location,Job Description,Experience Required
Data Engineer 5548771,"Scottsdale, AZ","Data Eng, Mgmt & Governance Analyst",Mid-Level
Clinical Systems Delivery Consultant/Manager,Various locations,Mgmt Consulting Team Lead/Consultant,Mid-Level
Product Engineer,Various locations,Technology Architecture Associate Manager,Mid-Level
SAP OTC Consultant - CMT Industry,Various locations,Technology Consulting Team Lead/Consultant,Mid-Level
SAP OTC Lead - CMT Industry,Various locations,Technology Consulting Manager,Senior Level
GCP Data Engineer,Various locations,Technology Architecture Associate Manager,Mid-Level
SAP Callidus CPQ Technical Lead/Functional Lead,Various locations,Technology Consulting Team Lead/Consultant,Mid-Level
SAP Callidus CPQ Architect,Various locations,Technology Consulting Manager,Senior Level
Cloud Contact Center Management Consulting Senior Principal,Various locations,Management Consulting ITL Senior Manager,Senior Level
Supply Chain and Operations Consulting Manager - Utilities Supply Chain,Various locations,Mgmt Consulting Manager,Senior Level
Device Test Engineer,"Walnut Creek, CA",Product & Mfg. Test Engineering Analyst,Mid-Level
Azure Event Hub & Data Engineer  5489975,Various locations,"Data Eng, Mgmt & Governance Team Lead/Consultant",Mid-Level
Accenture Programs Only - Technology Apprentice - Packaged Application Development Associate - Northeast - Hartford - NAELFY25,"Hartford, CT",Packaged Application Development Associate,Early Career
Workday Certified Financials AMS Integrations Consultant/Team Lead,Various locations,Business Architecture Team Lead/Consultant,Mid-Level
SAP Delivery Lead - Energy Industry,Various locations,Technology Delivery Lead Associate Director,Senior Level
Workplace Services Engineer - 5540311,"Salt Lake City, UT",Application Technical Support Analyst,Mid-Level
Workplace Services Engineer - 5540306,"Houston, TX",Application Technical Support Analyst,Mid-Level
Splunk Application Developer,"Irving, TX",Advanced App/Cloud Support & Engineering Analyst,Mid-Level
Solution Architect Senior Manager,"Arlington, VA",Solution Architecture Senior Manager,Senior Level
Ansible Application Developer/Solution Engineer- 5444417,"Dallas, TX",Advanced App/Cloud Support & Engineering Senior Analyst,Mid-Level
Epic Resolute Professional Billing Certified Senior Analyst,Various locations,Packaged Application Development Senior Analyst,Early Career
Technical Delivery Lead-5498032,Various locations,Technology Architecture Associate Manager,Mid-Level
Business Analyst - 5317118,Various locations,Software Business Analysis Senior Analyst,Mid-Level
Full Stack Developer - Java & Angula JS -5505734,"Atlanta, GA",Software Development Analyst,Mid-Level
Data Engineer 5548771,"Scottsdale, AZ","Data Eng, Mgmt & Governance Analyst",Mid-Level
Clinical Systems Delivery Consultant/Manager,Various locations,Mgmt Consulting Team Lead/Consultant,Mid-Level
Product Engineer,Various locations,Technology Architecture Associate Manager,Mid-Level
SAP OTC Consultant - CMT Industry,Various locations,Technology Consulting Team Lead/Consultant,Mid-Level
SAP OTC Lead - CMT Industry,Various locations,Technology Consulting Manager,Senior Level
GCP Data Engineer,Various locations,Technology Architecture Associate Manager,Mid-Level
SAP Callidus CPQ Technical Lead/Functional Lead,Various locations,Technology Consulting Team Lead/Consultant,Mid-Level
SAP Callidus CPQ Architect,Various locations,Technology Consulting Manager,Senior Level
Cloud Contact Center Management Consulting Senior Principal,Various locations,Management Consulting ITL Senior Manager,Senior Level
Supply Chain and Operations Consulting Manager - Utilities Supply Chain,Various locations,Mgmt Consulting Manager,Senior Level
Device Test Engineer,"Walnut Creek, CA",Product & Mfg. Test Engineering Analyst,Mid-Level
Azure Event Hub & Data Engineer  5489975,Various locations,"Data Eng, Mgmt & Governance Team Lead/Consultant",Mid-Level
Accenture Programs Only - Technology Apprentice - Packaged Application Development Associate - Northeast - Hartford - NAELFY25,"Hartford, CT",Packaged Application Development Associate,Early Career
Workday Certified Financials AMS Integrations Consultant/Team Lead,Various locations,Business Architecture Team Lead/Consultant,Mid-Level
SAP Delivery Lead - Energy Industry,Various locations,Technology Delivery Lead Associate Director,Senior Level
Workplace Services Engineer - 5540311,"Salt Lake City, UT",Application Technical Support Analyst,Mid-Level
Workplace Services Engineer - 5540306,"Houston, TX",Application Technical Support Analyst,Mid-Level
Splunk Application Developer,"Irving, TX",Advanced App/Cloud Support & Engineering Analyst,Mid-Level
Solution Architect Senior Manager,"Arlington, VA",Solution Architecture Senior Manager,Senior Level
Ansible Application Developer/Solution Engineer- 5444417,"Dallas, TX",Advanced App/Cloud Support & Engineering Senior Analyst,Mid-Level
Epic Resolute Professional Billing Certified Senior Analyst,Various locations,Packaged Application Development Senior Analyst,Early Career
Technical Delivery Lead-5498032,Various locations,Technology Architecture Associate Manager,Mid-Level
Business Analyst - 5317118,Various locations,Software Business Analysis Senior Analyst,Mid-Level
Full Stack Developer - Java & Angula JS -5505734,"Atlanta, GA",Software Development Analyst,Mid-Level
Data Engineer 5548771,"Scottsdale, AZ","Data Eng, Mgmt & Governance Analyst",Mid-Level
Clinical Systems Delivery Consultant/Manager,Various locations,Mgmt Consulting Team Lead/Consultant,Mid-Level
Product Engineer,Various locations,Technology Architecture Associate Manager,Mid-Level
SAP OTC Consultant - CMT Industry,Various locations,Technology Consulting Team Lead/Consultant,Mid-Level
SAP OTC Lead - CMT Industry,Various locations,Technology Consulting Manager,Senior Level
GCP Data Engineer,Various locations,Technology Architecture Associate Manager,Mid-Level
SAP Callidus CPQ Technical Lead/Functional Lead,Various locations,Technology Consulting Team Lead/Consultant,Mid-Level
SAP Callidus CPQ Architect,Various locations,Technology Consulting Manager,Senior Level
Cloud Contact Center Management Consulting Senior Principal,Various locations,Management Consulting ITL Senior Manager,Senior Level
Supply Chain and Operations Consulting Manager - Utilities Supply Chain,Various locations,Mgmt Consulting Manager,Senior Level
Device Test Engineer,"Walnut Creek, CA",Product & Mfg. Test Engineering Analyst,Mid-Level
Azure Event Hub & Data Engineer  5489975,Various locations,"Data Eng, Mgmt & Governance Team Lead/Consultant",Mid-Level
Accenture Programs Only - Technology Apprentice - Packaged Application Development Associate - Northeast - Hartford - NAELFY25,"Hartford, CT",Packaged Application Development Associate,Early Career
Workday Certified Financials AMS Integrations Consultant/Team Lead,Various locations,Business Architecture Team Lead/Consultant,Mid-Level
SAP Delivery Lead - Energy Industry,Various locations,Technology Delivery Lead Associate Director,Senior Level
Workplace Services Engineer - 5540311,"Salt Lake City, UT",Application Technical Support Analyst,Mid-Level
Workplace Services Engineer - 5540306,"Houston, TX",Application Technical Support Analyst,Mid-Level
Splunk Application Developer,"Irving, TX",Advanced App/Cloud Support & Engineering Analyst,Mid-Level
Solution Architect Senior Manager,"Arlington, VA",Solution Architecture Senior Manager,Senior Level
Ansible Application Developer/Solution Engineer- 5444417,"Dallas, TX",Advanced App/Cloud Support & Engineering Senior Analyst,Mid-Level
Epic Resolute Professional Billing Certified Senior Analyst,Various locations,Packaged Application Development Senior Analyst,Early Career
Technical Delivery Lead-5498032,Various locations,Technology Architecture Associate Manager,Mid-Level
Business Analyst - 5317118,Various locations,Software Business Analysis Senior Analyst,Mid-Level
Full Stack Developer - Java & Angula JS -5505734,"Atlanta, GA",Software Development Analyst,Mid-Level
