title,company,location,description,experience,salary,link,posted_on
Full Stack Development Jobs Opening in Techvolt Software Private Limited at CoimbatoreLess,Techvolt Software Private Limited,Coimbatore,Apply to Full Stack Development Jobs in Techvolt Softwar...,0 Years,Salary not disclosed,/jobs-in-coimbatore/99990300126,3 days ago
Network Engineering Jobs Opening in TechPio Services LLP at MohaliLess,TechPio Services LLP,Mohali,Apply to Network Engineering Jobs in TechPio Services LL...,0 Years,Salary not disclosed,/jobs-in-mohali/99990270115,3 days ago
Python Development Jobs Opening in Requin Solutions Private Limited at JaipurLess,Requin Solutions Private Limited,Jaipur,Apply to Python Development Jobs in Requin Solutions Pri...,0 Years,Salary not disclosed,/jobs-in-jaipur/99990280119,3 days ago
Weekend Game Hosting Jobs Opening in Breakout at BangaloreLess,Breakout,Bangalore,"Apply to Weekend Game Hosting Jobs in Breakout, Bangalor...",0 Years,Salary not disclosed,/jobs-in-bangalore/9999016065,4 days ago
Data Scientist Intern Jobs Opening in AIqwip at BangaloreLess,AIqwip,Bangalore,"Apply to Data Scientist Intern Jobs in AIqwip, Bangalore...",0 Years,Salary not disclosed,/jobs-in-bangalore/9999016065,4 days ago
Web Development Jobs Opening in Happidermis OPC Pvt. Ltd at BangaloreLess,Happidermis OPC Pvt. Ltd,Bangalore,Apply to Web Development Jobs in Happidermis OPC Pvt. Lt...,0 Years,Salary not disclosed,/jobs-in-bangalore/9999016065,4 days ago
IoT And Data Science Jobs Opening in HealthFlex at BangaloreLess,HealthFlex,Bangalore,"Apply to IoT And Data Science Jobs in HealthFlex, Bangal...",0 Years,Salary not disclosed,/jobs-in-bangalore/9999016065,7 days ago
Full Stack Development Jobs Opening in Cure And Care Wellness Private Limited at BangaloreLess,Cure And Care Wellness Private Limited,Bangalore,Apply to Full Stack Development Jobs in Cure And Care We...,0 Years,Salary not disclosed,/jobs-in-bangalore/9999016065,7 days ago
Web Development Jobs Opening in Param Hansa Philanthropies PHP at BangaloreLess,Param Hansa Philanthropies PHP,Bangalore,Apply to Web Development Jobs in Param Hansa Philanthrop...,0 Years,Salary not disclosed,/jobs-in-bangalore/9999016065,7 days ago
Python Development Jobs Opening in Weroute Systems Private Limited at BangaloreLess,Weroute Systems Private Limited,Bangalore,Apply to Python Development Jobs in Weroute Systems Priv...,0 Years,Salary not disclosed,/jobs-in-bangalore/9999016065,7 days ago
Front End Development Jobs Opening in Trade Brains at BangaloreLess,Trade Brains,Bangalore,"Apply to Front End Development Jobs in Trade Brains, Ban...",0 Years,Salary not disclosed,/jobs-in-bangalore/9999016065,7 days ago
Front End Development Jobs Opening in Trade Brains at BangaloreLess,Trade Brains,Bangalore,"Apply to Front End Development Jobs in Trade Brains, Ban...",0 Years,Salary not disclosed,/jobs-in-bangalore/9999016065,7 days ago
Java Developer Jobs Opening in Inspironlabs Software Systems Private Limited at BangaloreLess,Inspironlabs Software Systems Private Limited,Bangalore,Apply to Java Developer Jobs in Inspironlabs Software Sy...,0 Years,Salary not disclosed,/jobs-in-bangalore/9999016065,7 days ago
Web Development (Python/Django) Jobs Opening in Trade Brains at BangaloreLess,Trade Brains,Bangalore,Apply to Web Development Python/Django Jobs in Trade Bra...,0 Years,Salary not disclosed,/jobs-in-bangalore/9999016065,7 days ago
Web Development (Python/Django) Jobs Opening in Trade Brains at BangaloreLess,Trade Brains,Bangalore,Apply to Web Development Python/Django Jobs in Trade Bra...,0 Years,Salary not disclosed,/jobs-in-bangalore/9999016065,7 days ago
.NET Development Or Unity Or Babylon Developer Or VR/AR Developer Or AI/ML Or Combined Jobs Opening in Siemens at BangaloreLess,Siemens,Bangalore,Apply to .NET Development Or Unity Or Babylon Developer ...,0 Years,Salary not disclosed,/jobs-in-bangalore/9999016065,7 days ago
Python Development Jobs Opening in Antino Labs Private Limited at GurgaonLess,Antino Labs Private Limited,Gurgaon,Apply to Python Development Jobs in Antino Labs Private ...,0 Years,Salary not disclosed,/jobs-in-gurgaon/9999012049,7 days ago
IOS App Development Jobs Opening in W3Dev at NoidaLess,W3Dev,Noida,"Apply to IOS App Development Jobs in W3Dev, Noida from f...",0 Years,Salary not disclosed,/jobs-in-noida/99990320152,10 days ago
WordPress Development Jobs Opening in Stirring Minds at DelhiLess,Stirring Minds,Delhi,"Apply to WordPress Development Jobs in Stirring Minds, D...",0 Years,Salary not disclosed,/jobs-in-delhi/9999035026,10 days ago
Web Development Jobs Opening in Stirring Minds at DelhiLess,Stirring Minds,Delhi,"Apply to Web Development Jobs in Stirring Minds, Delhi f...",0 Years,Salary not disclosed,/jobs-in-delhi/9999035026,10 days ago
.NET Development Or Unity Or Babylon Developer Or VR/AR Developer Or AI/ML Or Combined Jobs Opening in Siemens at BangaloreLess,Siemens,Bangalore,Apply to .NET Development Or Unity Or Babylon Developer ...,0 Years,Salary not disclosed,/jobs-in-bangalore/9999016065,7 days ago
WordPress Development Jobs Opening in Confluencr at BangaloreLess,Confluencr,Bangalore,"Apply to WordPress Development Jobs in Confluencr, Banga...",0 Years,Salary not disclosed,/jobs-in-bangalore/9999016065,7 days ago
Python Development Jobs Opening in Antino Labs Private Limited at GurgaonLess,Antino Labs Private Limited,Gurgaon,Apply to Python Development Jobs in Antino Labs Private ...,0 Years,Salary not disclosed,/jobs-in-gurgaon/9999012049,7 days ago
Full Stack Development Jobs Opening in Ensemble Control Incorporation at BangaloreLess,Ensemble Control Incorporation,Bangalore,Apply to Full Stack Development Jobs in Ensemble Control...,0 Years,Salary not disclosed,/jobs-in-bangalore/9999016065,9 days ago
Embedded Systems Jobs Opening in Bempu Health at BangaloreLess,Bempu Health,Bangalore,"Apply to Embedded Systems Jobs in Bempu Health, Bangalor...",0 Years,Salary not disclosed,/jobs-in-bangalore/9999016065,9 days ago
Embedded Systems Intern Jobs Opening in A Leading Company at GurgaonLess,A Leading Company,Gurgaon,Apply to Embedded Systems Intern Jobs in A Leading Compa...,0 Years,Salary not disclosed,/jobs-in-gurgaon/9999012049,9 days ago
Android App Development Jobs Opening in Mindgeeks Tech LLP at DelhiLess,Mindgeeks Tech LLP,Delhi,Apply to Android App Development Jobs in Mindgeeks Tech ...,0 Years,Salary not disclosed,/jobs-in-delhi/9999035026,9 days ago
IOS App Development Jobs Opening in W3Dev at NoidaLess,W3Dev,Noida,"Apply to IOS App Development Jobs in W3Dev, Noida from f...",0 Years,Salary not disclosed,/jobs-in-noida/99990320152,10 days ago
WordPress Development Jobs Opening in Stirring Minds at DelhiLess,Stirring Minds,Delhi,"Apply to WordPress Development Jobs in Stirring Minds, D...",0 Years,Salary not disclosed,/jobs-in-delhi/9999035026,10 days ago
Web Development Jobs Opening in Stirring Minds at DelhiLess,Stirring Minds,Delhi,"Apply to Web Development Jobs in Stirring Minds, Delhi f...",0 Years,Salary not disclosed,/jobs-in-delhi/9999035026,10 days ago
JavaScript Development Jobs Opening in W3Dev at NoidaLess,W3Dev,Noida,"Apply to JavaScript Development Jobs in W3Dev, Noida fro...",0 Years,Salary not disclosed,/jobs-in-noida/99990320152,10 days ago
Web Development Jobs Opening in Watrana Traction Private Limited at DelhiLess,Watrana Traction Private Limited,Delhi,Apply to Web Development Jobs in Watrana Traction Privat...,0 Years,Salary not disclosed,/jobs-in-delhi/9999035026,10 days ago
Blockchain Development Jobs Opening in Avaari at BhubaneswarLess,Avaari,Bhubaneswar,"Apply to Blockchain Development Jobs in Avaari, Bhubanes...",0 Years,Salary not disclosed,/jobs-in-bhubaneswar/99990250104,10 days ago
Artificial Intelligence - AI Jobs Opening in Shubh International at AhmedabadLess,Shubh International,Ahmedabad,Apply to Artificial Intelligence - AI Jobs in Shubh Inte...,0 Years,Salary not disclosed,/jobs-in-ahmedabad/9999011030,10 days ago
Mobile App Development Jobs Opening in Avaari at ChennaiLess,Avaari,Chennai,"Apply to Mobile App Development Jobs in Avaari, Chennai ...",0 Years,Salary not disclosed,/jobs-in-chennai/99990300125,10 days ago
Machine Learning Jobs Opening in Avaari at AmritsarLess,Avaari,Amritsar,"Apply to Machine Learning Jobs in Avaari, Amritsar from ...",0 Years,Salary not disclosed,/jobs-in-amritsar/99990270110,10 days ago
Human Resources (HR) Jobs Opening in NexGen Innovators IT Services Private Limited at DelhiLess,NexGen Innovators IT Services Private Limited,Delhi,Apply to Human Resources HR Jobs in NexGen Innovators IT...,0 Years,Salary not disclosed,/jobs-in-delhi/9999035026,10 days ago
Full Stack Development Jobs Opening in Stirring Minds at DelhiLess,Stirring Minds,Delhi,"Apply to Full Stack Development Jobs in Stirring Minds, ...",0 Years,Salary not disclosed,/jobs-in-delhi/9999035026,11 days ago
Web Development Jobs Opening in Avaari at AhmedabadLess,Avaari,Ahmedabad,"Apply to Web Development Jobs in Avaari, Ahmedabad from ...",0 Years,Salary not disclosed,/jobs-in-ahmedabad/9999011030,11 days ago
Asp.net Development Jobs Opening in Isourse at DelhiLess,Isourse,Delhi,"Apply to Asp.net Development Jobs in Isourse, Delhi from...",0 Years,Salary not disclosed,/jobs-in-delhi/9999035026,11 days ago
Web Development Jobs Opening in Shubh International at AhmedabadLess,Shubh International,Ahmedabad,"Apply to Web Development Jobs in Shubh International, Ah...",0 Years,Salary not disclosed,/jobs-in-ahmedabad/9999011030,11 days ago
Big Data Jobs Opening in The Overseas Consultant at ChennaiLess,The Overseas Consultant,Chennai,"Apply to Big Data Jobs in The Overseas Consultant, Chenn...",0 Years,Salary not disclosed,/jobs-in-chennai/99990300125,11 days ago
Blockchain Development Jobs Opening in Buddha Education Association Incorporation at FaridabadLess,Buddha Education Association Incorporation,Faridabad,Apply to Blockchain Development Jobs in Buddha Education...,0 Years,Salary not disclosed,/jobs-in-faridabad/9999012048,11 days ago
Mobile App Development Jobs Opening in Buddha Education Association Incorporation at AhmedabadLess,Buddha Education Association Incorporation,Ahmedabad,Apply to Mobile App Development Jobs in Buddha Education...,0 Years,Salary not disclosed,/jobs-in-ahmedabad/9999011030,11 days ago
Artificial Intelligence - AI Jobs Opening in Buddha Education Association Incorporation at ChennaiLess,Buddha Education Association Incorporation,Chennai,Apply to Artificial Intelligence - AI Jobs in Buddha Edu...,0 Years,Salary not disclosed,/jobs-in-chennai/99990300125,11 days ago
Mobile App Development Jobs Opening in Buddha Education Association Incorporation at AmritsarLess,Buddha Education Association Incorporation,Amritsar,Apply to Mobile App Development Jobs in Buddha Education...,0 Years,Salary not disclosed,/jobs-in-amritsar/99990270110,11 days ago
"Hardware Engineer Jobs Opening in Shreeji Infotech at Naranpura, AhmedabadLess",Shreeji Infotech,Ahmedabad,"Apply to Hardware Engineer Jobs in Shreeji Infotech, Ahm...",0 Years,10000 - 25000 Monthly,/jobs-in-ahmedabad/9999011030,3 days ago
"Assistant Software Engineer Jobs Opening in AMC Career at Chandivali, Dadar East, MumbaiLess",AMC Career,Mumbai,"Apply to Assistant Software Engineer Jobs in AMC Career,...",0 Years,28000 - 48000 Monthly,/jobs-in-mumbai/9999020093,3 days ago
"Software Development Engineer Jobs Opening in AMC Career at Thane, Vikhroli, Worli, MumbaiLess",AMC Career,Mumbai,Apply to Software Development Engineer Jobs in AMC Caree...,0 Years,28000 - 48000 Monthly,/jobs-in-mumbai/9999020093,3 days ago
"Data Analytics - SQL Expert Jobs Opening in AMC Career at Vikhroli, MumbaiLess",AMC Career,Mumbai,"Apply to Data Analytics - SQL Expert Jobs in AMC Career,...",0 Years,29000 - 48000 Monthly,/jobs-in-mumbai/9999020093,3 days ago
"Data Analyst Python Jobs Opening in AMC Career at Chandivali, MumbaiLess",AMC Career,Mumbai,"Apply to Data Analyst Python Jobs in AMC Career, Mumbai ...",0 Years,29000 - 48000 Monthly,/jobs-in-mumbai/9999020093,3 days ago
"Data Analyst Jobs Opening in AMC Career at Andheri East, MumbaiLess",AMC Career,Mumbai,"Apply to Data Analyst Jobs in AMC Career, Mumbai from fr...",0 Years,29000 - 48000 Monthly,/jobs-in-mumbai/9999020093,3 days ago
"PHP Developer Jobs Opening in Shvet Technologies at Rajkot-Others, RajkotLess",Shvet Technologies,Rajkot,"Apply to PHP Developer Jobs in Shvet Technologies, Rajko...",0 Years,10000 - 15000 Monthly,/jobs-in-rajkot/9999011041,3 days ago
"System And Network Administrator Jobs Opening in BITS EMPLOYMENTS at 100 Feet Road, CoimbatoreLess",BITS EMPLOYMENTS,Coimbatore,Apply to System And Network Administrator Jobs in BITS E...,0 Years,25000 - 30000 Monthly,/jobs-in-coimbatore/99990300126,4 days ago
"Android Mobile App Developer Jobs Opening in Resume Builder-MWCI at Rajkot-Others, RajkotLess",Resume Builder-MWCI,Rajkot,Apply to Android Mobile App Developer Jobs in Resume Bui...,1 to 3+ Years,25000 - 50000 Monthly,/jobs-in-rajkot/9999011041,4 days ago
"Java Developer Jobs Opening in AMC Career at Hadaspar, PuneLess",AMC Career,Pune,"Apply to Java Developer Jobs in AMC Career, Pune from fr...",0 Years,28000 - 48000 Monthly,/jobs-in-pune/9999020098,4 days ago
"IT Software Developer Jobs Opening in AMC Career at Koregaon Park, Magarpatta, PuneLess",AMC Career,Pune,"Apply to IT Software Developer Jobs in AMC Career, Pune ...",0 Years,28000 - 48000 Monthly,/jobs-in-pune/9999020098,4 days ago
"Software Engineer Jobs Opening in AMC Career at Hinjewadi, PuneLess",AMC Career,Pune,"Apply to Software Engineer Jobs in AMC Career, Pune from...",0 Years,28000 - 48000 Monthly,/jobs-in-pune/9999020098,4 days ago
"Software Developer Jobs Opening in AMC Career at Chinchwad, PuneLess",AMC Career,Pune,"Apply to Software Developer Jobs in AMC Career, Pune fro...",0 Years,28000 - 48000 Monthly,/jobs-in-pune/9999020098,4 days ago
"IT Software Engineer Jobs Opening in AMC Career at Bhosari, PuneLess",AMC Career,Pune,"Apply to IT Software Engineer Jobs in AMC Career, Pune f...",0 Years,28000 - 48000 Monthly,/jobs-in-pune/9999020098,4 days ago
"Java Developer Jobs Opening in AMC Career at Akurdi, PuneLess",AMC Career,Pune,"Apply to Java Developer Jobs in AMC Career, Pune from fr...",0 Years,28000 - 48000 Monthly,/jobs-in-pune/9999020098,4 days ago
"Dot Net Developer Jobs Opening in OMEX INFOTECH at Bapunagar, Kalupur, Mani Nagar, AhmedabadLess",OMEX INFOTECH,Ahmedabad,"Apply to Dot Net Developer Jobs in OMEX INFOTECH, Ahmeda...",1 to 3 Years,Salary not disclosed,/jobs-in-ahmedabad/9999011030,4 days ago
"Full Stack Developer Trainee Jobs Opening in Vineforce IT Services Pvt Ltd at Industrial Area, MohaliLess",Vineforce IT Services Pvt Ltd,Mohali,Apply to Full Stack Developer Trainee Jobs in Vineforce ...,0 Years,Salary not disclosed,/jobs-in-mohali/99990270115,5 days ago
"SAP Consultant Freshers Jobs Opening in Lavender technology at Electronic City, BangaloreLess",Lavender technology,Bangalore,Apply to SAP Consultant Freshers Jobs in Lavender techno...,0 Years,35000 - 40000 Monthly,/jobs-in-bangalore/9999016065,5 days ago
"WordPress Development Intern Jobs Opening in Woro media at Delhi-Others, DelhiLess",Woro media,Delhi,Apply to WordPress Development Intern Jobs in Woro media...,0 Years,4000 - 10000 Monthly,/jobs-in-delhi/9999035026,6 days ago
"Software Engineer Intern Jobs Opening in Tecell India Private Limited at Rajarajeshwari Nagar, BangaloreLess",Tecell India Private Limited,Bangalore,Apply to Software Engineer Intern Jobs in Tecell India P...,0 Years,5000 Monthly,/jobs-in-bangalore/9999016065,6 days ago
"Website Developer Jobs Opening in Ideal Career Zone at Shyam Bazar, KolkataLess",Ideal Career Zone,Kolkata,"Apply to Website Developer Jobs in Ideal Career Zone, Ko...",0 Years,10000 - 30000 Monthly,/jobs-in-kolkata/99990340160,6 days ago
"SQL Developer Jobs Opening in Worldbox Technologies LLP at Baner, PuneLess",Worldbox Technologies LLP,Pune,Apply to SQL Developer Jobs in Worldbox Technologies LLP...,0 to 2.5 Years,300000 - 500000 Yearly,/jobs-in-pune/9999020098,7 days ago
"Dot Net Developer Jobs Opening in Quartz technologies at Fazalganj, Gumti, Kakadeo, KanpurLess",Quartz technologies,Kanpur,"Apply to Dot Net Developer Jobs in Quartz technologies, ...",0.6 Years,12000 - 20000 Monthly,/jobs-in-kanpur/99990320147,7 days ago
"Software Trainee Jobs Opening in KIPSMA PVT. LTD. at Noida-Others, NoidaLess",KIPSMA PVT. LTD.,Noida,"Apply to Software Trainee Jobs in KIPSMA PVT. LTD., Noid...",0 Years,Salary not disclosed,/jobs-in-noida/99990320152,7 days ago
"Software Tester Jobs Opening in Sharaa Group at Ambattur, Bangalore, Chennai, HyderabadLess",Sharaa Group,"Hyderabad, Bangalore, Chennai","Apply to Software Tester Jobs in Sharaa Group, Bangalore...",2 to 3+ Years,35000 - 75000 Monthly,/jobs-in-hyderabad/999903705,7 days ago
"Network Engineer Jobs Opening in De facto at Industrial Area, MohaliLess",De facto,Mohali,"Apply to Network Engineer Jobs in De facto, Mohali from ...",0 Years,10000 - 12000 Monthly,/jobs-in-mohali/99990270115,7 days ago
"Front-End Developer Jobs Opening in Maitretech Solution at Bhopal-Others, BhopalLess",Maitretech Solution,Bhopal,Apply to Front-End Developer Jobs in Maitretech Solution...,0 Years,2000 - 5000 Monthly,/jobs-in-bhopal/9999019084,8 days ago
"Power BI Intern Jobs Opening in Percept infosystem consultant at Amravati Road, Dindayal Nagar, Jaripatka, NagpurLess",Percept infosystem consultant,Nagpur,Apply to Power BI Intern Jobs in Percept infosystem cons...,0 Years,10000 - 15000 Monthly,/jobs-in-nagpur/9999020095,9 days ago
"Full Stack Developer Jobs Opening in SyStos Technology at R.N.T. Marg, IndoreLess",SyStos Technology,Indore,"Apply to Full Stack Developer Jobs in SyStos Technology,...",0 Years,Salary not disclosed,/jobs-in-indore/9999019086,9 days ago
"WordPress Developer Jobs Opening in IWebGenics at Salt Lake, KolkataLess",IWebGenics,Kolkata,"Apply to WordPress Developer Jobs in IWebGenics, Kolkata...",0 Years,Salary not disclosed,/jobs-in-kolkata/99990340160,9 days ago
"Data Analytics - SQL Expert Jobs Opening in AMC Career at Chinchwad, East Street, Erandwane, PuneLess",AMC Career,Pune,"Apply to Data Analytics - SQL Expert Jobs in AMC Career,...",0 Years,28000 - 47000 Monthly,/jobs-in-pune/9999020098,9 days ago
"Data Analyst Python Jobs Opening in AMC Career at Kharadi, Kondhwa, Koregaon Park, PuneLess",AMC Career,Pune,"Apply to Data Analyst Python Jobs in AMC Career, Pune fr...",0 Years,28000 - 47000 Monthly,/jobs-in-pune/9999020098,9 days ago
"Data Analyst Jobs Opening in AMC Career at Hinjewadi, J.M. Road, Kalyani Nagar, PuneLess",AMC Career,Pune,"Apply to Data Analyst Jobs in AMC Career, Pune from fres...",0 Years,28000 - 47000 Monthly,/jobs-in-pune/9999020098,9 days ago
"IT Software Developer Jobs Opening in AMC Career at Wakad, Warje, Yerawada, PuneLess",AMC Career,Pune,"Apply to IT Software Developer Jobs in AMC Career, Pune ...",0 Years,28000 - 47000 Monthly,/jobs-in-pune/9999020098,9 days ago
"IT Software Engineer Jobs Opening in AMC Career at Sinhgad Road, Wakad, Hadaspar, PuneLess",AMC Career,Pune,"Apply to IT Software Engineer Jobs in AMC Career, Pune f...",0 Years,28000 - 47000 Monthly,/jobs-in-pune/9999020098,9 days ago
"Software Developer Jobs Opening in AMC Career at Koregaon Park, Lonavala, Magarpatta, PuneLess",AMC Career,Pune,"Apply to Software Developer Jobs in AMC Career, Pune fro...",0 Years,28000 - 47000 Monthly,/jobs-in-pune/9999020098,9 days ago
"Software Engineer - Developer Jobs Opening in AMC Career at Deccan Gymkhana, F.C. Road, PuneLess",AMC Career,Pune,Apply to Software Engineer - Developer Jobs in AMC Caree...,0 Years,28000 - 47000 Monthly,/jobs-in-pune/9999020098,9 days ago
"Java Developer Jobs Opening in AMC Career at Magarpatta, MG Road, PuneLess",AMC Career,Pune,"Apply to Java Developer Jobs in AMC Career, Pune from fr...",0 Years,28000 - 47000 Monthly,/jobs-in-pune/9999020098,9 days ago
"IT Administrator Jobs Opening in ToXSL Technologies Pvt Ltd. at Mohali-Others, MohaliLess",ToXSL Technologies Pvt Ltd.,Mohali,Apply to IT Administrator Jobs in ToXSL Technologies Pvt...,0 Years,Salary not disclosed,/jobs-in-mohali/99990270115,9 days ago
"Web Designer Jobs Opening in ToXSL Technologies Pvt Ltd. at Mohali-Others, MohaliLess",ToXSL Technologies Pvt Ltd.,Mohali,Apply to Web Designer Jobs in ToXSL Technologies Pvt Ltd...,0 Years,Salary not disclosed,/jobs-in-mohali/99990270115,9 days ago
"Flutter Developer Jobs Opening in ToXSL Technologies Pvt Ltd. at Mohali-Others, MohaliLess",ToXSL Technologies Pvt Ltd.,Mohali,Apply to Flutter Developer Jobs in ToXSL Technologies Pv...,2 to 3+ Years,400000 - 700000 Yearly,/jobs-in-mohali/99990270115,9 days ago
"Android Developer/ Sr. Android Developer Jobs Opening in ToXSL Technologies Pvt Ltd. at Mohali-Others, MohaliLess",ToXSL Technologies Pvt Ltd.,Mohali,Apply to Android Developer/ Sr. Android Developer Jobs i...,2 to 3+ Years,300000 - 700000 Yearly,/jobs-in-mohali/99990270115,9 days ago
"PHP Developer Jobs Opening in ToXSL Technologies Pvt Ltd. at Mohali-Others, MohaliLess",ToXSL Technologies Pvt Ltd.,Mohali,Apply to PHP Developer Jobs in ToXSL Technologies Pvt Lt...,0 Years,Salary not disclosed,/jobs-in-mohali/99990270115,9 days ago
"Javascript Developer Jobs Opening in A Leading Company at Greater Noida, NoidaLess",A Leading Company,Noida,"Apply to Javascript Developer Jobs in A Leading Company,...",0 Years,11111 Monthly,/jobs-in-noida/99990320152,9 days ago
"Fullstack Training/ Internship Jobs Opening in Percept infosystem consultant at Central Avenue, Indora Square, Jaripatka, NagpurLess",Percept infosystem consultant,Nagpur,Apply to Fullstack Training/ Internship Jobs in Percept ...,0 Years,7000 - 15000 Monthly,/jobs-in-nagpur/9999020095,9 days ago
"Android/iOS Developer Jobs Opening in Asmi Global Softwares at Jaipur-Others, JaipurLess",Asmi Global Softwares,Jaipur,Apply to Android/iOS Developer Jobs in Asmi Global Softw...,0 to 1 Years,18000 - 20000 Monthly,/jobs-in-jaipur/99990280119,9 days ago
"IT Software Developer Jobs Opening in Walstar technologies Pvt Ltd at Kolhapur, SangliLess",Walstar technologies Pvt Ltd,"Kolhapur, Sangli",Apply to IT Software Developer Jobs in Walstar technolog...,0 Years,Salary not disclosed,/jobs-in-kolhapur/9999020092,10 days ago
"Software Trainee Jobs Opening in CROWN BUSINESS SOLUTIONS at Hitech City, Jeedimetla, Jubilee Hills, Bangalore, Delhi, HyderabadLess",CROWN BUSINESS SOLUTIONS,"Hyderabad, Delhi, Bangalore",Apply to Software Trainee Jobs in CROWN BUSINESS SOLUTIO...,0 Years,Salary not disclosed,/jobs-in-hyderabad/999903705,10 days ago
"Web Developer Jobs Opening in Jims Rohini Sector-5 at Rohini, DelhiLess",Jims Rohini Sector-5,Delhi,"Apply to Web Developer Jobs in Jims Rohini Sector-5, Del...",2.5 to 3+ Years,Salary not disclosed,/jobs-in-delhi/9999035026,10 days ago
"Senior Full Stack Engineer Jobs Opening in Z50 at Andheri East, Bangalore, Mumbai, DelhiLess",Z50,"Delhi, Bangalore, Mumbai","Apply to Senior Full Stack Engineer Jobs in Z50, Bangalo...",3+ Years,60000 - 105000 Monthly,/jobs-in-delhi/9999035026,10 days ago
"Java Internship Jobs Opening in Percept infosystem consultant at Amravati Road, Central Avenue, Gandhi Nagar, NagpurLess",Percept infosystem consultant,Nagpur,Apply to Java Internship Jobs in Percept infosystem cons...,0 Years,Salary not disclosed,/jobs-in-nagpur/9999020095,11 days ago
IT Project Coordinator Jobs Opening in Techdock labs at LucknowLess,Techdock labs,Lucknow,"Apply to IT Project Coordinator Jobs in Techdock labs, L...",1 to 2 Years,Salary not disclosed,/jobs-in-lucknow/99990320148,11 days ago
"Junior Software Developer Jobs Opening in Thinklabs LLC at Gachibowli, Jeedimetla, Kacheguda, Ahmedabad, Bangalore, HyderabadLess",Thinklabs LLC,"Hyderabad, Ahmedabad, Bangalore",Apply to Junior Software Developer Jobs in Thinklabs LLC...,0 Years,20000 - 25000 Monthly,/jobs-in-hyderabad/999903705,11 days ago
"Full Stack Intern Jobs Opening in EResourcePortal at Whitefield, BangaloreLess",EResourcePortal,Bangalore,"Apply to Full Stack Intern Jobs in EResourcePortal, Bang...",0 Years,10000 Monthly,/jobs-in-bangalore/9999016065,11 days ago
"Software Developer Jobs Opening in Ventrox Global at Technopark, ThiruvananthapuramLess",Ventrox Global,Thiruvananthapuram,"Apply to Software Developer Jobs in Ventrox Global, Thir...",0 Years,Salary not disclosed,/jobs-in-thiruvananthapuram/9999017082,14 days ago
PHP Developer Jobs Opening in MEDRYTE HEALTHCARE SOLUTIONS PVT LTD at NagercoilLess,MEDRYTE HEALTHCARE SOLUTIONS PVT LTD,Nagercoil,Apply to PHP Developer Jobs in MEDRYTE HEALTHCARE SOLUTI...,3+ Years,Salary not disclosed,/jobs-in-nagercoil/99990300131,14 days ago
Software Development Jobs Opening in TerraBlu Climate Technologies Private Limited at PuneLess,TerraBlu Climate Technologies Private Limited,Pune,Apply to Software Development Jobs in TerraBlu Climate T...,0 Years,Salary not disclosed,/jobs-in-pune/9999020098,14 days ago
Web Development Jobs Opening in Dolphin Ad World Private Limited at MumbaiLess,Dolphin Ad World Private Limited,Mumbai,Apply to Web Development Jobs in Dolphin Ad World Privat...,0 Years,Salary not disclosed,/jobs-in-mumbai/9999020093,14 days ago
Game Development Jobs Opening in MentorBoxx at AmritsarLess,MentorBoxx,Amritsar,"Apply to Game Development Jobs in MentorBoxx, Amritsar f...",0 Years,Salary not disclosed,/jobs-in-amritsar/99990270110,14 days ago
"Full Stack Developer Jobs Opening in 360sourceinfotech at Swargate, PuneLess",360sourceinfotech,Pune,"Apply to Full Stack Developer Jobs in 360sourceinfotech,...",0.6 to 2 Years,Salary not disclosed,/jobs-in-pune/9999020098,15 days ago
"Java Developer Jobs Opening in AMC Career at J.M. Road, Koregaon Park, PuneLess",AMC Career,Pune,"Apply to Java Developer Jobs in AMC Career, Pune from fr...",0 Years,28000 - 48000 Monthly,/jobs-in-pune/9999020098,16 days ago
"Full Stack Developer Jobs Opening in AMC Career at Hinjewadi, MG Road, Nagar Road, PuneLess",AMC Career,Pune,"Apply to Full Stack Developer Jobs in AMC Career, Pune f...",0 Years,28000 - 48000 Monthly,/jobs-in-pune/9999020098,16 days ago
"IT Software Developer Jobs Opening in AMC Career at Hinjewadi, Kalyani Nagar, Katraj, PuneLess",AMC Career,Pune,"Apply to IT Software Developer Jobs in AMC Career, Pune ...",0 Years,28000 - 48000 Monthly,/jobs-in-pune/9999020098,16 days ago
"Data Analytics - SQL Expert Jobs Opening in AMC Career at Hinjewadi, Karve Nagar, Katraj, PuneLess",AMC Career,Pune,"Apply to Data Analytics - SQL Expert Jobs in AMC Career,...",0 Years,29000 - 47000 Monthly,/jobs-in-pune/9999020098,16 days ago
"Data Analyst Python Jobs Opening in AMC Career at Chinchwad, Dhole Patil Road, PuneLess",AMC Career,Pune,"Apply to Data Analyst Python Jobs in AMC Career, Pune fr...",0 Years,29000 - 47000 Monthly,/jobs-in-pune/9999020098,16 days ago
"Data Analyst Jobs Opening in AMC Career at Akurdi, PuneLess",AMC Career,Pune,"Apply to Data Analyst Jobs in AMC Career, Pune from fres...",0 Years,29000 - 47000 Monthly,/jobs-in-pune/9999020098,16 days ago
Web Development Jobs Opening in Buddha Education Association Incorporation at AkolaLess,Buddha Education Association Incorporation,Akola,Apply to Web Development Jobs in Buddha Education Associ...,0 Years,Salary not disclosed,/jobs-in-akola/99990200182,16 days ago
Product Management Jobs Opening in Faclon at MumbaiLess,Faclon,Mumbai,"Apply to Product Management Jobs in Faclon, Mumbai from ...",0 Years,Salary not disclosed,/jobs-in-mumbai/9999020093,16 days ago
Data Science Jobs Opening in Faclon at MumbaiLess,Faclon,Mumbai,"Apply to Data Science Jobs in Faclon, Mumbai from freshe...",0 Years,Salary not disclosed,/jobs-in-mumbai/9999020093,16 days ago
Game Development Jobs Opening in Creative Galileo at PuneLess,Creative Galileo,Pune,"Apply to Game Development Jobs in Creative Galileo, Pune...",0 Years,Salary not disclosed,/jobs-in-pune/9999020098,16 days ago
Cloud Computing Intern Jobs Opening in Quantasis Private Limited at MumbaiLess,Quantasis Private Limited,Mumbai,Apply to Cloud Computing Intern Jobs in Quantasis Privat...,0 Years,Salary not disclosed,/jobs-in-mumbai/9999020093,16 days ago
WordPress Development Jobs Opening in Techsphere at MumbaiLess,Techsphere,Mumbai,"Apply to WordPress Development Jobs in Techsphere, Mumba...",0 Years,Salary not disclosed,/jobs-in-mumbai/9999020093,16 days ago
Web Development Jobs Opening in A Leading Company at PuneLess,A Leading Company,Pune,"Apply to Web Development Jobs in A Leading Company, Pune...",0 Years,Salary not disclosed,/jobs-in-pune/9999020098,16 days ago
"Software Testing Intern/Trainee Jobs Opening in Percept infosystem consultant at Amravati Road, Central Avenue, Gandhi Nagar, NagpurLess",Percept infosystem consultant,Nagpur,Apply to Software Testing Intern/Trainee Jobs in Percept...,0 Years,Salary not disclosed,/jobs-in-nagpur/9999020095,16 days ago
